id,card_holder_id,card_issuer_id,organization_id,name_on_card,card_type,status,status_reason,last_four_digits,created_at,updated_at,deleted_at,card_color,active_since,issue_date,mcc_list_id,financial_account_id,expiry_date,card_nickname,subtype,issuance_reason,card_product_type,issuer_id,card_product_id,scheme,allow_atm
XENDOSw_4YFR3IA5GUqGN,46,46,11,Petty Cash PRO,VIRTUAL,TERMINATED,,1214,2022-08-31T09:10:19.764Z,2023-01-20T10:03:43.241Z,,EGGSHELL_CARNIVAL,2022-08-31T09:10:22.000Z,2022-08-31T09:10:19.736Z,,RcYNaxmVGxU70qQXeiQRC,,,REGULAR,,,NymCard-ARE-AED,NymCard-ARE-AED-Virtual,VISA,TRUE
Uteg91DGmTYeBaZlBEBRx,46,46,11,User 1,VIRTUAL,ACTIVE,,8130,2023-10-17T05:09:01.770Z,2023-10-17T05:09:06.591Z,,CHEESECAKE_PANDA,2023-10-17T05:09:06.000Z,2023-10-17T05:09:06.000Z,,RcYNaxmVGxU70qQXeiQRC,2026-10-31T00:00:00.000Z,Lago Billing,REGULAR,,,NymCard-ARE-AED,NymCard-ARE-AED-Virtual-3,VISA,TRUE
GDOsonBAro85vZwiO6fST,46,46,11,User 1 ,PHYSICAL,TERMINATED,,828,2022-09-12T12:16:27.716Z,2023-09-12T13:14:42.199Z,,CARNIVAL,2023-03-15T09:58:46.000Z,2022-09-12T12:16:27.706Z,,RcYNaxmVGxU70qQXeiQRC,,,REGULAR,,,NymCard-ARE-AED,NymCard-ARE-AED-Physical,VISA,TRUE
Q4JPL526-2g_niNKZQlKa,46,257,11,User 1,VIRTUAL,ACTIVE,,115,2023-05-08T15:32:24.288Z,2023-10-30T10:11:52.129Z,,OCEAN_CARNIVAL,2023-05-08T15:32:28.000Z,2023-05-08T15:32:28.000Z,,RcYNaxmVGxU70qQXeiQRC,2026-05-31T00:00:00.000Z,Business 1 Ads,REGULAR,,NymCardCommercialVirtualProduct,NymCard-ARE-AED,NymCard-ARE-AED-Virtual-3,VISA,TRUE
ZtGeinashAVYNqPX8IGdS,46,46,11,User 1,VIRTUAL,ACTIVE,,6000,2023-10-30T13:36:21.235Z,2023-10-30T13:36:25.198Z,,CHEESECAKE_PANDA,2023-10-30T13:36:25.000Z,2023-10-30T13:36:25.000Z,,RcYNaxmVGxU70qQXeiQRC,2026-10-31T00:00:00.000Z,Google Ads,REGULAR,,,NymCard-ARE-AED,NymCard-ARE-AED-Virtual-4,MASTER,TRUE
jRwqR3_sI9gI7ZKlRSThw,46,48,11,User 1,PHYSICAL,TERMINATED,,414,2022-08-18T09:11:30.530Z,2023-01-19T11:38:55.293Z,,CARNIVAL,2022-08-18T09:11:32.000Z,2022-08-18T09:11:30.528Z,,RcYNaxmVGxU70qQXeiQRC,,,REGULAR,,,NymCard-ARE-AED,NymCard-ARE-AED-Physical,VISA,TRUE
6_2z3IQ74qiEJH-8U1Qx8,46,48,11,Guy,VIRTUAL,SUSPENDED,,34,2022-07-31T05:20:01.821Z,2023-05-14T13:43:14.899Z,,CHEESECAKE_PANDA,2022-09-04T13:36:37.000Z,2022-08-17T11:43:06.424Z,,RcYNaxmVGxU70qQXeiQRC,,,REGULAR,,,NymCard-ARE-AED,NymCard-ARE-AED-Virtual,VISA,TRUE
aW9qBLEcm-UP9vxviBOTT,46,46,11,User 1,VIRTUAL,TERMINATED,,12,2023-11-01T12:02:12.122Z,2023-11-02T04:32:57.335Z,,JUNGLE_CARNIVAL,2023-11-01T12:02:17.000Z,2023-11-01T12:02:17.000Z,,RcYNaxmVGxU70qQXeiQRC,2026-11-30T00:00:00.000Z,Business 1 Egypt Husna,REGULAR,,,NymCard-ARE-AED,NymCard-ARE-AED-Virtual-4,MASTER,TRUE
HBKXLNFOku3mfDlEPbS66,46,843,11,fog,VIRTUAL,TERMINATED,,1685,2022-12-15T12:07:11.277Z,2023-01-20T10:00:49.617Z,,CARNIVAL,2022-12-15T12:07:13.000Z,2022-12-15T12:07:11.276Z,,RcYNaxmVGxU70qQXeiQRC,,,REGULAR,,,NymCard-ARE-AED,NymCard-ARE-AED-Virtual,VISA,TRUE
EMc2iZ_2H59_pD1OM7xdY,46,46,11,User 1,VIRTUAL,ACTIVE,,3007,2023-10-30T10:07:43.600Z,2023-11-02T04:34:20.287Z,,JUNGLE_CARNIVAL,2023-10-30T10:07:47.000Z,2023-10-30T10:07:47.000Z,,RcYNaxmVGxU70qQXeiQRC,2026-10-31T00:00:00.000Z,Facebook Ads,REGULAR,,,NymCard-ARE-AED,NymCard-ARE-AED-Virtual-4,MASTER,TRUE
3GVBX9q6U3do8WBDJJZdo,46,46,11,User 1,VIRTUAL,ACTIVE,,4941,2023-11-21T17:14:04.673Z,2023-11-21T17:14:10.749Z,,EGGSHELL_CARNIVAL,2023-11-21T17:14:10.000Z,2023-11-21T17:14:10.000Z,,RcYNaxmVGxU70qQXeiQRC,2026-11-30T00:00:00.000Z,Marketing Team,REGULAR,,,NymCard-ARE-AED,NymCard-ARE-AED-Virtual-3,VISA,TRUE
nkMnpIAGWk_rP5-x2qf4j,46,257,11,User 1,PHYSICAL,ACTIVE,,2003,2023-10-25T20:14:15.176Z,2023-10-30T08:58:44.671Z,,CARNIVAL,2023-10-30T08:58:44.000Z,2023-10-25T20:14:19.000Z,,RcYNaxmVGxU70qQXeiQRC,2026-10-31T00:00:00.000Z,MC Guy,REGULAR,,,NymCard-ARE-AED,NymCard-ARE-AED-Physical-4,MASTER,TRUE
rSe_8rX5EnjTXPrgBaqN4,46,46,11,Operations Expenses,VIRTUAL,TERMINATED,,919,2022-08-29T15:06:16.878Z,2023-01-20T10:05:42.532Z,,OCEAN_PANDA,2022-09-04T14:04:22.000Z,2022-08-29T15:06:16.873Z,,RcYNaxmVGxU70qQXeiQRC,,,REGULAR,,,NymCard-ARE-AED,NymCard-ARE-AED-Virtual,VISA,TRUE
uMN8VCC4g8grXi_5U_vns,46,46,11,Travel Expense Card,VIRTUAL,ACTIVE,,,2022-07-29T06:28:12.977Z,2022-07-29T06:28:12.977Z,,CARNIVAL,,2022-08-17T11:43:06.424Z,,RcYNaxmVGxU70qQXeiQRC,,,REGULAR,,,NymCard-ARE-AED,NymCard-ARE-AED-Virtual,VISA,TRUE
q-jkv0XLuC1kbaM8_lrLl,46,46,11,User 1,VIRTUAL,TERMINATED,,2517,2023-05-18T04:10:07.499Z,2023-11-02T04:35:27.295Z,,OCEAN_PANDA,2023-05-18T04:10:10.000Z,2023-05-18T04:10:10.000Z,,RcYNaxmVGxU70qQXeiQRC,2026-05-31T00:00:00.000Z,Travel Expenses,REGULAR,,NymCardCommercialVirtualProduct,NymCard-ARE-AED,NymCard-ARE-AED-Virtual-3,VISA,TRUE
_a0yx_BzExI31xMHgA8O2,46,46,11,User 1,VIRTUAL,ACTIVE,,7514,2023-06-22T06:53:15.189Z,2023-07-27T12:37:25.828Z,,JUNGLE_CARNIVAL,2023-06-22T06:53:18.000Z,2023-06-22T06:53:18.000Z,,RcYNaxmVGxU70qQXeiQRC,2026-06-30T00:00:00.000Z,Google Ads,REGULAR,,,NymCard-ARE-AED,NymCard-ARE-AED-Virtual-3,VISA,TRUE
n5fXRNochmk3N_hIMhJQk,46,48,11,User 1,PHYSICAL,TERMINATED,,810,2022-08-24T14:18:17.380Z,2023-01-20T10:00:02.450Z,,CARNIVAL,2022-09-12T05:11:10.000Z,2022-08-24T14:18:17.345Z,,RcYNaxmVGxU70qQXeiQRC,,,REGULAR,,,NymCard-ARE-AED,NymCard-ARE-AED-Physical,VISA,TRUE
WPVQPlPvucS9FSf6sk3rG,46,46,11,Marketing Card,VIRTUAL,TERMINATED,,83,2022-08-16T09:41:39.604Z,2023-05-14T07:23:40.251Z,,OCEAN_PANDA,2023-03-15T09:58:53.000Z,2022-08-17T11:43:06.424Z,pRicYvkG-ioPpHLzeIJ3I,RcYNaxmVGxU70qQXeiQRC,,,REGULAR,,,NymCard-ARE-AED,NymCard-ARE-AED-Virtual,VISA,TRUE
epRgEDcxfYFhIUxTOPLew,46,257,11,User 1,VIRTUAL,ACTIVE,,1009,2023-10-04T17:28:29.533Z,2023-10-06T05:12:14.920Z,,OCEAN_CARNIVAL,2023-10-04T17:28:33.000Z,2023-10-04T17:28:33.000Z,,RcYNaxmVGxU70qQXeiQRC,2026-10-31T00:00:00.000Z,MC Card,REGULAR,,,NymCard-ARE-AED,NymCard-ARE-AED-Virtual-4,MASTER,TRUE
OvwdV492O_YLQ_Yz7eI55,46,46,11,User 1,PHYSICAL,SUSPENDED,,1027,2023-09-12T13:14:09.606Z,2023-10-30T14:01:21.085Z,,CARNIVAL,2023-09-14T10:59:59.000Z,2023-09-12T13:14:14.000Z,,RcYNaxmVGxU70qQXeiQRC,2026-09-30T00:00:00.000Z,Management,REGULAR,,,NymCard-ARE-AED,NymCard-ARE-AED-Physical-3,VISA,TRUE
kInCokU7Cr2d7tRR5vqDh,46,257,11,User 1,PHYSICAL,ACTIVE,,2007,2023-10-04T17:30:19.577Z,2023-11-20T11:49:35.734Z,,CARNIVAL,2023-10-10T04:42:05.000Z,2023-10-04T17:30:23.000Z,,RcYNaxmVGxU70qQXeiQRC,2026-10-31T00:00:00.000Z,MC Guy,REGULAR,,,NymCard-ARE-AED,NymCard-ARE-AED-Physical-4,MASTER,TRUE
oRDODwwD-yTSLi20e_A8H,46,46,11,Travel Expense Card,VIRTUAL,ACTIVE,,,2022-07-29T06:27:22.579Z,2022-07-29T06:27:22.579Z,,CARNIVAL,,2022-08-17T11:43:06.424Z,,RcYNaxmVGxU70qQXeiQRC,,,REGULAR,,,NymCard-ARE-AED,NymCard-ARE-AED-Virtual,VISA,TRUE
v0_kKJ2gBz_bahQ1Lu55w,48,48,11,User 2,VIRTUAL,ACTIVE,,3549,2023-04-19T20:56:57.758Z,2023-09-10T06:54:40.869Z,,CARNIVAL,2023-04-19T20:57:01.000Z,2023-04-19T20:57:01.000Z,,RcYNaxmVGxU70qQXeiQRC,2026-04-30T00:00:00.000Z,Limited card,REGULAR,,,NymCard-ARE-AED,NymCard-ARE-AED-Virtual-2,VISA,TRUE
m0Lto2h7Zc1SY7GVGxQ5N,48,48,11,Elias Ree,PHYSICAL,INACTIVE,,9522,2023-01-30T14:32:58.282Z,2023-01-30T14:33:00.869Z,,CARNIVAL,,2023-01-30T14:32:58.281Z,,RcYNaxmVGxU70qQXeiQRC,,,REGULAR,,,NymCard-ARE-AED,NymCard-ARE-AED-Physical-2,VISA,TRUE
sSBDZk_JoEqRmuMWt6bDQ,48,48,11,Elias Ree,VIRTUAL,ACTIVE,,,2022-07-28T05:59:46.031Z,2022-07-28T05:59:46.031Z,,CARNIVAL,,2022-08-17T11:43:06.424Z,,RcYNaxmVGxU70qQXeiQRC,,,REGULAR,,,NymCard-ARE-AED,NymCard-ARE-AED-Virtual,VISA,TRUE
yUjvlOM3WgDBu5u4klCA9,48,48,11,User 2,VIRTUAL,ACTIVE,,26,2022-07-28T09:28:40.053Z,2022-07-28T09:28:42.867Z,,CARNIVAL,,2022-08-17T11:43:06.424Z,,RcYNaxmVGxU70qQXeiQRC,,,REGULAR,,,NymCard-ARE-AED,NymCard-ARE-AED-Virtual,VISA,TRUE
HJopIySgs-mi1zrVYHBm7,48,46,11,User 2,PHYSICAL,ACTIVE,,1529,2022-09-12T12:20:07.726Z,2022-09-14T16:34:33.464Z,,CARNIVAL,2022-09-14T16:34:33.000Z,2022-09-12T12:20:07.719Z,,RcYNaxmVGxU70qQXeiQRC,,,REGULAR,,,NymCard-ARE-AED,NymCard-ARE-AED-Physical,VISA,TRUE
fKE1W_p4BN6R6T5GW-yXC,48,48,11,Elias Ree,PHYSICAL,ACTIVE,,711,2022-08-24T14:16:34.183Z,2022-08-29T14:26:49.627Z,,CARNIVAL,,2022-08-24T14:16:34.129Z,,RcYNaxmVGxU70qQXeiQRC,,,REGULAR,,,NymCard-ARE-AED,NymCard-ARE-AED-Physical,VISA,TRUE
aU3oLh0sbgzG_OmJdlrpw,48,48,11,User 2,PHYSICAL,ACTIVE,,216,2022-08-18T08:54:36.413Z,2022-08-18T08:54:38.187Z,,CARNIVAL,2022-08-18T08:54:38.000Z,2022-08-18T08:54:36.410Z,,RcYNaxmVGxU70qQXeiQRC,,,REGULAR,,,NymCard-ARE-AED,NymCard-ARE-AED-Physical,VISA,TRUE
W2imOlS1qEc-RKXzvBCHz,48,48,11,AWS,VIRTUAL,ACTIVE,,42,2022-08-07T06:49:55.059Z,2022-09-15T07:03:29.739Z,,CHEESECAKE_PANDA,2022-09-06T05:27:10.000Z,2022-08-17T11:43:06.424Z,,RcYNaxmVGxU70qQXeiQRC,,,REGULAR,,,NymCard-ARE-AED,NymCard-ARE-AED-Virtual,VISA,TRUE
huGglewI5UvaFtCT77Ht3,48,48,11,google ads,VIRTUAL,SUSPENDED,,1016,2022-08-30T09:38:52.462Z,2022-09-04T14:27:57.138Z,,JUNGLE_CARNIVAL,2022-08-30T09:38:54.000Z,2022-08-30T09:38:52.447Z,,RcYNaxmVGxU70qQXeiQRC,,,REGULAR,,,NymCard-ARE-AED,NymCard-ARE-AED-Virtual,VISA,TRUE
-yCxRKvG0giVyTP1LOleZ,48,48,11,Tech SaaS,VIRTUAL,ACTIVE,,67,2022-08-16T06:45:34.368Z,2022-09-15T07:03:42.061Z,,EGGSHELL_CARNIVAL,,2022-08-17T11:43:06.424Z,,RcYNaxmVGxU70qQXeiQRC,,,REGULAR,,,NymCard-ARE-AED,NymCard-ARE-AED-Virtual,VISA,TRUE
MGJHzV6fmF9LPBd3BDN4J,48,516,11,User 2,VIRTUAL,ACTIVE,,6319,2023-06-08T10:45:42.599Z,2023-06-08T10:45:45.480Z,,OCEAN_CARNIVAL,2023-06-08T10:45:45.000Z,2023-06-08T10:45:45.000Z,,RcYNaxmVGxU70qQXeiQRC,2026-06-30T00:00:00.000Z,Travels,REGULAR,,NymCardCommercialVirtualProduct,NymCard-ARE-AED,NymCard-ARE-AED-Virtual-3,VISA,TRUE
wZtJFdmNK9AyIfkFgAiPI,48,48,11,Elias Ree,VIRTUAL,ACTIVE,,,2022-07-28T06:00:19.850Z,2022-07-28T06:00:19.850Z,,CARNIVAL,,2022-08-17T11:43:06.424Z,,RcYNaxmVGxU70qQXeiQRC,,,REGULAR,,,NymCard-ARE-AED,NymCard-ARE-AED-Virtual,VISA,TRUE
shsm37Xtj4zRaJ-Rp6h_n,48,48,11,Facebook Ads,VIRTUAL,SUSPENDED,,1115,2022-08-30T16:06:27.776Z,2022-09-08T09:29:13.831Z,,OCEAN_CARNIVAL,2022-08-30T16:06:30.000Z,2022-08-30T16:06:27.757Z,,RcYNaxmVGxU70qQXeiQRC,,,REGULAR,,,NymCard-ARE-AED,NymCard-ARE-AED-Virtual,VISA,TRUE
ISHoIrUcpSO54mAMMx26o,48,48,11,small expenses,VIRTUAL,SUSPENDED,,315,2022-08-18T08:55:34.803Z,2022-09-15T07:13:12.611Z,,JUNGLE_CARNIVAL,2022-09-06T06:53:19.000Z,2022-08-18T08:55:34.800Z,,RcYNaxmVGxU70qQXeiQRC,,,REGULAR,,,NymCard-ARE-AED,NymCard-ARE-AED-Virtual,VISA,TRUE
xS8fyoJVaz1RACakiIRBo,48,48,11,Saas subscriptions,VIRTUAL,ACTIVE,,,2022-07-29T06:35:25.715Z,2022-07-29T06:35:25.715Z,,CARNIVAL,,2022-08-17T11:43:06.424Z,,RcYNaxmVGxU70qQXeiQRC,,,REGULAR,,,NymCard-ARE-AED,NymCard-ARE-AED-Virtual,VISA,TRUE
9loclTxpy40k9Xa_vjUgm,48,48,11,test to freez,VIRTUAL,TERMINATED,,364,2022-11-29T12:28:32.763Z,2023-01-20T10:00:32.779Z,,CARNIVAL,2022-11-29T12:28:38.000Z,2022-11-29T12:28:32.733Z,,RcYNaxmVGxU70qQXeiQRC,,,REGULAR,,,NymCard-ARE-AED,NymCard-ARE-AED-Virtual,VISA,TRUE
k4GC97hGT67ycgNnlWPcw,48,516,11,Marketing Campaign,VIRTUAL,TERMINATED,,1701,2022-12-28T06:42:42.845Z,2023-01-20T10:01:00.950Z,,CARNIVAL,2022-12-28T06:42:45.000Z,2022-12-28T06:42:42.843Z,,RcYNaxmVGxU70qQXeiQRC,,,REGULAR,,,NymCard-ARE-AED,NymCard-ARE-AED-Virtual,VISA,TRUE
sjj6o6rt0CA_VRzqyaSS1,54,48,11,Tobias Z,PHYSICAL,TERMINATED,,117,2022-08-18T08:50:06.708Z,2023-01-19T11:38:35.446Z,,CARNIVAL,2022-08-18T08:50:08.000Z,2022-08-18T08:50:06.705Z,,RcYNaxmVGxU70qQXeiQRC,,,REGULAR,,,NymCard-ARE-AED,NymCard-ARE-AED-Physical,VISA,TRUE
KX-vNYC3Y4oxhBsrMyaqY,54,48,11,User 3,VIRTUAL,ACTIVE,,0,2022-07-26T13:46:47.930Z,2023-02-16T09:18:00.378Z,,JUNGLE_CARNIVAL,,2022-08-17T11:43:06.424Z,gvvV7h-_EJl9jTkHigvFG,RcYNaxmVGxU70qQXeiQRC,,,REGULAR,,,NymCard-ARE-AED,NymCard-ARE-AED-Virtual,VISA,TRUE
m63QClqwxaY26NeB0NsDU,54,48,11,Tobias Z,PHYSICAL,ACTIVE,,612,2022-08-24T09:58:23.693Z,2022-09-14T07:30:52.717Z,,CARNIVAL,,2022-08-24T09:58:23.601Z,,RcYNaxmVGxU70qQXeiQRC,,,REGULAR,,,NymCard-ARE-AED,NymCard-ARE-AED-Physical,VISA,TRUE
kHpjMB4KGfRHCsJNdTAN-,54,887,11,User 3,VIRTUAL,ACTIVE,,7920,2023-03-14T09:15:56.554Z,2023-03-14T09:16:58.722Z,,CARNIVAL,2023-03-14T09:16:58.000Z,2023-03-14T09:16:58.000Z,,RcYNaxmVGxU70qQXeiQRC,2026-03-31T00:00:00.000Z,marketing,REGULAR,,,NymCard-ARE-AED,NymCard-ARE-AED-Virtual-2,VISA,TRUE
mdWcwZpsDTBKESR7X_0Mm,54,48,11,Tobias Z,VIRTUAL,ACTIVE,,513,2022-08-24T09:56:53.566Z,2022-09-15T07:08:22.867Z,,OCEAN_CARNIVAL,2022-08-24T09:56:56.000Z,2022-08-24T09:56:53.549Z,,RcYNaxmVGxU70qQXeiQRC,,,REGULAR,,,NymCard-ARE-AED,NymCard-ARE-AED-Virtual,VISA,TRUE
SQ_1HJ_KoiZMBFtBrNC7J,54,48,11,Tobias Z,VIRTUAL,TERMINATED,,18,2022-07-28T05:59:14.150Z,2023-01-19T04:02:33.287Z,,CARNIVAL,,2022-08-17T11:43:06.424Z,,RcYNaxmVGxU70qQXeiQRC,,,REGULAR,,,NymCard-ARE-AED,NymCard-ARE-AED-Virtual,VISA,TRUE
DRhnk5zJ6Df1lZ2EWIe0B,54,257,11,User 3,VIRTUAL,ACTIVE,,313,2023-05-09T15:41:48.233Z,2023-05-09T15:41:51.711Z,,CARNIVAL,2023-05-09T15:41:51.000Z,2023-05-09T15:41:51.000Z,,RcYNaxmVGxU70qQXeiQRC,2026-05-31T00:00:00.000Z,Golden Card,REGULAR,,NymCardCommercialVirtualProduct,NymCard-ARE-AED,NymCard-ARE-AED-Virtual-3,VISA,TRUE
T5hXUOnGeYZGpbaQp5WmK,54,516,11,User 3,VIRTUAL,TERMINATED,,149,2023-05-08T13:14:35.721Z,2023-05-08T13:14:56.007Z,,JUNGLE_CARNIVAL,2023-05-08T13:14:38.000Z,2023-05-08T13:14:38.000Z,,RcYNaxmVGxU70qQXeiQRC,2026-05-31T00:00:00.000Z,Marketing Meta Ads,REGULAR,,,NymCard-ARE-AED,NymCard-ARE-AED-Virtual-2,VISA,TRUE
0Ny5-FKxGN-obYWT_Dct4,54,46,11,User 3,PHYSICAL,ACTIVE,,125,2022-09-12T12:21:23.728Z,2022-09-20T10:27:22.458Z,,CARNIVAL,2022-09-20T10:27:22.000Z,2022-09-12T12:21:23.721Z,,RcYNaxmVGxU70qQXeiQRC,,,REGULAR,,,NymCard-ARE-AED,NymCard-ARE-AED-Physical,VISA,TRUE
wsdRIjDFSrKDHvZwadyxC,63,63,16,Twofour,VIRTUAL,ACTIVE,,1743,2022-11-20T06:46:23.743Z,2022-11-20T06:46:39.429Z,,CARNIVAL,2022-11-20T06:46:39.000Z,2022-11-20T06:46:23.741Z,,7sGOReHM3XwVQhYWPl4Cx,,,REGULAR,,,NymCard-ARE-AED,NymCard-ARE-AED-Virtual,VISA,TRUE
BwNUkXJACqhqz_nvfYmN5,63,63,16,Temp,VIRTUAL,ACTIVE,,1495,2022-11-21T09:47:25.744Z,2022-11-21T09:47:28.234Z,,CARNIVAL,2022-11-21T09:47:28.000Z,2022-11-21T09:47:25.736Z,,7sGOReHM3XwVQhYWPl4Cx,,,REGULAR,,,NymCard-ARE-AED,NymCard-ARE-AED-Virtual,VISA,TRUE
uBciSv3WOpJ4rhg5mymT0,63,63,16,test,VIRTUAL,ACTIVE,,1255,2022-11-25T15:50:10.007Z,2022-11-25T15:50:18.440Z,,CARNIVAL,2022-11-25T15:50:18.000Z,2022-11-25T15:50:10.005Z,,7sGOReHM3XwVQhYWPl4Cx,,,REGULAR,,,NymCard-ARE-AED,NymCard-ARE-AED-Virtual,VISA,TRUE
E0cObbz1BbibGAyXkR2k6,63,63,16,User 2,VIRTUAL,ACTIVE,,9016,2023-11-08T06:27:52.710Z,2023-12-18T05:40:19.544Z,,OCEAN_CARNIVAL,2023-11-08T06:27:56.000Z,2023-11-08T06:27:56.000Z,,7sGOReHM3XwVQhYWPl4Cx,2026-11-30T00:00:00.000Z,Datadog,REGULAR,,,NymCard-ARE-AED,NymCard-ARE-AED-Virtual-4,MASTER,TRUE
UAL7oTCixnL9bQklgKUCQ,63,63,16,Elias Test MCC ,VIRTUAL,ACTIVE,,6923,2023-02-12T05:18:25.689Z,2023-02-26T17:01:46.387Z,,CARNIVAL,2023-02-12T05:18:28.000Z,2023-02-12T05:18:25.688Z,,7sGOReHM3XwVQhYWPl4Cx,,,REGULAR,,,NymCard-ARE-AED,NymCard-ARE-AED-Virtual-2,VISA,TRUE
BE1g2KArWocyEfwY58owq,63,63,16,User 2,VIRTUAL,ACTIVE,,427,2023-10-02T11:28:10.567Z,2023-10-02T11:28:15.099Z,,OCEAN_CARNIVAL,2023-10-02T11:28:14.000Z,2023-10-02T11:28:14.000Z,,7sGOReHM3XwVQhYWPl4Cx,2026-10-31T00:00:00.000Z,marketing,REGULAR,,,NymCard-ARE-AED,NymCard-ARE-AED-Virtual-3,VISA,TRUE
2DMwRMDNZKv02mPIVRPit,63,63,16,Elias New,VIRTUAL,ACTIVE,,2121,2022-12-28T12:34:46.531Z,2022-12-28T12:34:49.519Z,,CARNIVAL,2022-12-28T12:34:49.000Z,2022-12-28T12:34:46.528Z,,7sGOReHM3XwVQhYWPl4Cx,,,REGULAR,,,NymCard-ARE-AED,NymCard-ARE-AED-Virtual-2,VISA,TRUE
7etkLlbGEVbYcmbTU3sn2,63,63,16,User 2,VIRTUAL,ACTIVE,,8042,2023-11-29T04:45:44.521Z,2023-11-29T04:45:48.097Z,,OCEAN_CARNIVAL,2023-11-29T04:45:48.000Z,2023-11-29T04:45:48.000Z,,7sGOReHM3XwVQhYWPl4Cx,2026-11-30T00:00:00.000Z,Notion,REGULAR,,,NymCard-ARE-AED,NymCard-ARE-AED-Virtual-3,VISA,TRUE
MaY4be_gInh_6UbZRPJsu,63,63,16,User 2,VIRTUAL,ACTIVE,,9724,2023-08-17T15:11:38.340Z,2023-08-17T15:11:42.051Z,,CARNIVAL,2023-08-17T15:11:42.000Z,2023-08-17T15:11:42.000Z,,7sGOReHM3XwVQhYWPl4Cx,2026-08-31T00:00:00.000Z,Test,SINGLE_USE,Test,,NymCard-ARE-AED,NymCard-ARE-AED-SUVC-2,VISA,TRUE
y1SjcNhguVopV9rL2GcoL,63,63,16,User 2 Business 2,PHYSICAL,TERMINATED,,1321,2022-10-24T04:54:40.404Z,2023-11-29T04:43:41.907Z,,CARNIVAL,2022-11-13T15:43:03.000Z,2022-10-24T04:54:39.946Z,,7sGOReHM3XwVQhYWPl4Cx,,,REGULAR,,,NymCard-ARE-AED,NymCard-ARE-AED-Physical,VISA,TRUE
lj8gWfzyvXquFGI_jF4x9,63,63,16,User 2,VIRTUAL,ACTIVE,,511,2023-05-10T07:57:42.776Z,2023-05-10T07:57:45.817Z,,CARNIVAL,2023-05-10T07:57:45.000Z,2023-05-10T07:57:45.000Z,,7sGOReHM3XwVQhYWPl4Cx,2026-05-31T00:00:00.000Z,Commercial Test,REGULAR,,NymCardCommercialVirtualProduct,NymCard-ARE-AED,NymCard-ARE-AED-Virtual-3,VISA,TRUE
fX2HLOWXSUIFt-rcfSIqe,63,63,16,User 2,VIRTUAL,ACTIVE,,9620,2023-02-21T11:45:35.300Z,2023-02-21T11:45:41.174Z,,CARNIVAL,2023-02-21T11:45:41.000Z,2023-02-21T11:45:41.000Z,,7sGOReHM3XwVQhYWPl4Cx,2026-02-28T00:00:00.000Z,Identifier,REGULAR,,,NymCard-ARE-AED,NymCard-ARE-AED-Virtual-2,VISA,TRUE
JvTCAHTmcD_QePzpiXFxe,63,63,16,User 2,VIRTUAL,ACTIVE,,9927,2023-02-22T09:51:07.369Z,2023-02-22T09:51:12.200Z,,CARNIVAL,2023-02-22T09:51:12.000Z,2023-02-22T09:51:12.000Z,,7sGOReHM3XwVQhYWPl4Cx,2026-02-28T00:00:00.000Z,tssting name,REGULAR,,,NymCard-ARE-AED,NymCard-ARE-AED-Virtual-2,VISA,TRUE
YB_G9pXrLzI0toqKiJL7W,63,258,16,Elias,VIRTUAL,ACTIVE,,323,2022-09-08T11:21:36.111Z,2022-09-08T11:21:40.612Z,,CARNIVAL,2022-09-08T11:21:40.000Z,2022-09-08T11:21:35.932Z,,7sGOReHM3XwVQhYWPl4Cx,,,REGULAR,,,NymCard-ARE-AED,NymCard-ARE-AED-Virtual,VISA,TRUE
-eZqgk_Kyae7jqly75csq,63,63,16,User 2,VIRTUAL,ACTIVE,,7227,2023-03-12T05:20:53.769Z,2023-03-12T05:21:55.416Z,,CARNIVAL,2023-03-12T05:21:55.000Z,2023-03-12T05:21:55.000Z,,7sGOReHM3XwVQhYWPl4Cx,2026-03-31T00:00:00.000Z,AWS Bills,REGULAR,,,NymCard-ARE-AED,NymCard-ARE-AED-Virtual-2,VISA,TRUE
fphsNy4_okakthxB2KVBJ,63,63,16,User 2,VIRTUAL,ACTIVE,,921,2023-11-19T05:44:40.311Z,2023-11-19T05:44:44.313Z,,OCEAN_CARNIVAL,2023-11-19T05:44:44.000Z,2023-11-19T05:44:44.000Z,,7sGOReHM3XwVQhYWPl4Cx,2026-11-30T00:00:00.000Z,Maqsam,REGULAR,,,NymCard-ARE-AED,NymCard-ARE-AED-Virtual-3,VISA,TRUE
4AIHwFpCaYfIznGX4gljS,63,63,16,User 2,VIRTUAL,ACTIVE,,719,2023-05-14T11:54:16.134Z,2023-11-14T13:38:31.322Z,,CARNIVAL,2023-05-14T11:54:19.000Z,2023-05-14T11:54:19.000Z,,7sGOReHM3XwVQhYWPl4Cx,2026-05-31T00:00:00.000Z,AWS commercial,REGULAR,,NymCardCommercialVirtualProduct,NymCard-ARE-AED,NymCard-ARE-AED-Virtual-3,VISA,TRUE
WWLlMmCjdpLmzUYB-6Vka,63,63,16,User 2,VIRTUAL,ACTIVE,,9033,2023-05-10T06:29:41.763Z,2023-05-10T06:29:44.468Z,,CARNIVAL,2023-05-10T06:29:44.000Z,2023-05-10T06:29:44.000Z,,7sGOReHM3XwVQhYWPl4Cx,2026-05-31T00:00:00.000Z,MS Azure,REGULAR,,NymCardDefault,NymCard-ARE-AED,NymCard-ARE-AED-Virtual-2,VISA,TRUE
YKN8iF31iv9k0krOJNwB-,63,63,16,Elias Business 2,VIRTUAL,SUSPENDED,,2063,2022-10-31T16:59:57.265Z,2022-10-31T17:00:15.567Z,,CARNIVAL,2022-10-31T17:00:00.000Z,2022-10-31T16:59:57.264Z,,7sGOReHM3XwVQhYWPl4Cx,,,REGULAR,,,NymCard-ARE-AED,NymCard-ARE-AED-Virtual,VISA,TRUE
U_iOdkAxLhMRN501mJFo3,63,63,16,test,VIRTUAL,TERMINATED,,4226,2023-01-06T06:33:06.151Z,2023-01-19T05:28:02.447Z,,CARNIVAL,2023-01-06T06:33:08.000Z,2023-01-06T06:33:06.119Z,,7sGOReHM3XwVQhYWPl4Cx,,,REGULAR,,,NymCard-ARE-AED,NymCard-ARE-AED-Virtual-2,VISA,TRUE
U5TAQ5YamRYxqV6p3aIKP,154,46,11,VK,PHYSICAL,TERMINATED,,2030,2022-10-11T10:20:37.446Z,2023-02-13T08:42:56.063Z,,CARNIVAL,2022-11-02T09:03:33.000Z,2022-10-11T10:20:35.368Z,,RcYNaxmVGxU70qQXeiQRC,,,REGULAR,,,NymCard-ARE-AED,NymCard-ARE-AED-Physical,VISA,TRUE
5567kGrI2Fajid2jwF1SI,154,154,11,User 5,PHYSICAL,ACTIVE,,2030,2023-11-07T11:26:37.113Z,2023-11-14T07:19:08.300Z,,CARNIVAL,2023-11-14T07:19:08.000Z,2023-11-07T11:26:41.000Z,,RcYNaxmVGxU70qQXeiQRC,2026-11-30T00:00:00.000Z,Business 1 Office Admin,REGULAR,,,NymCard-ARE-AED,NymCard-ARE-AED-Physical-4,MASTER,TRUE
wSEyhslym_Mn5uowIQ-f7,154,257,11,User 5,VIRTUAL,ACTIVE,,3005,2023-10-13T17:32:24.591Z,2023-10-24T12:18:10.981Z,,OCEAN_CARNIVAL,2023-10-13T17:32:28.000Z,2023-10-13T17:32:28.000Z,,RcYNaxmVGxU70qQXeiQRC,2026-10-31T00:00:00.000Z,MC Office,REGULAR,,,NymCard-ARE-AED,NymCard-ARE-AED-Virtual-4,MASTER,TRUE
x6sZ41ssY7cmNA54NLzq8,154,154,11,User 5,VIRTUAL,TERMINATED,,1227,2023-10-10T05:28:00.443Z,2023-10-24T12:17:39.458Z,,EGGSHELL_CARNIVAL,2023-10-10T05:28:05.000Z,2023-10-10T05:28:05.000Z,,RcYNaxmVGxU70qQXeiQRC,2026-10-31T00:00:00.000Z,Fast Company Award,SINGLE_USE,,,NymCard-ARE-AED,NymCard-ARE-AED-SUVC-2,VISA,TRUE
HHEl-FW7rwDcH0g7FEUnB,154,154,11,User 5,VIRTUAL,ACTIVE,,3004,2023-10-24T12:21:34.833Z,2023-10-24T12:21:40.302Z,,PANDA,2023-10-24T12:21:40.000Z,2023-10-24T12:21:40.000Z,,RcYNaxmVGxU70qQXeiQRC,2026-10-31T00:00:00.000Z,People Dpt,REGULAR,,,NymCard-ARE-AED,NymCard-ARE-AED-Virtual-4,MASTER,TRUE
kPHQFYabjbu3Vn_kVp1v7,154,154,11,Business 1 Office Assets,VIRTUAL,ACTIVE,,133,2022-10-18T08:26:29.223Z,2023-09-19T10:01:30.911Z,,OCEAN_CARNIVAL,2022-10-18T08:26:35.000Z,2022-10-18T08:26:29.017Z,,RcYNaxmVGxU70qQXeiQRC,,,REGULAR,,,NymCard-ARE-AED,NymCard-ARE-AED-Virtual,VISA,TRUE
wiMbTcrcAvSaWLbgRRiIm,154,46,11,User 5,PHYSICAL,ACTIVE,,1024,2022-09-12T12:18:49.726Z,2022-09-20T13:04:59.052Z,,CARNIVAL,,2022-09-12T12:18:49.717Z,,RcYNaxmVGxU70qQXeiQRC,,,REGULAR,,,NymCard-ARE-AED,NymCard-ARE-AED-Physical,VISA,TRUE
t5vDvuNJdxvM48CUhHcXe,154,46,11,User 5 Online,VIRTUAL,TERMINATED,,2014,2022-09-07T08:43:40.825Z,2023-10-24T12:50:32.108Z,,CHEESECAKE_PANDA,2022-09-07T08:43:43.000Z,2022-09-07T08:43:40.731Z,,RcYNaxmVGxU70qQXeiQRC,,,REGULAR,,,NymCard-ARE-AED,NymCard-ARE-AED-Virtual,VISA,TRUE
VbhKs_9D9SZKcuTZh-Xi8,154,257,11,User 5,VIRTUAL,ACTIVE,,214,2023-05-09T05:13:26.243Z,2023-05-09T05:13:30.332Z,,CARNIVAL,2023-05-09T05:13:30.000Z,2023-05-09T05:13:30.000Z,,RcYNaxmVGxU70qQXeiQRC,2026-05-31T00:00:00.000Z,People Dpt,REGULAR,,NymCardCommercialVirtualProduct,NymCard-ARE-AED,NymCard-ARE-AED-Virtual-3,VISA,TRUE
zlXcJmxYIVn1OGRbGhTb-,227,46,11,Business 1 Perks Peacock,PHYSICAL,ACTIVE,,1933,2022-09-27T11:08:54.890Z,2022-10-25T09:49:22.302Z,,CARNIVAL,2022-10-25T09:49:22.000Z,2022-09-27T11:08:54.875Z,,RcYNaxmVGxU70qQXeiQRC,,,REGULAR,,,NymCard-ARE-AED,NymCard-ARE-AED-Physical,VISA,TRUE
CJ97qz-5kqgiXqhgXJubi,227,46,11,User 6,PHYSICAL,ACTIVE,,9843,2023-08-02T07:22:16.497Z,2023-08-15T06:46:28.242Z,,CARNIVAL,2023-08-15T06:46:28.000Z,2023-08-02T07:22:19.000Z,,RcYNaxmVGxU70qQXeiQRC,2026-08-31T00:00:00.000Z,Angelica,REGULAR,,,NymCard-ARE-AED,NymCard-ARE-AED-Physical-2,VISA,TRUE
4YYHnJ5fNpDzc1YiGjNhF,227,46,11,Business 1 Perks Puma,PHYSICAL,TERMINATED,,331,2022-09-27T10:57:15.760Z,2023-05-15T06:19:19.365Z,,CARNIVAL,2022-10-11T07:12:43.000Z,2022-09-27T10:57:15.714Z,,RcYNaxmVGxU70qQXeiQRC,,,REGULAR,,,NymCard-ARE-AED,NymCard-ARE-AED-Physical,VISA,TRUE
pjku_bXb4en3X5qshpLUk,227,46,11,Business 1 Team Building Tas,PHYSICAL,ACTIVE,,1313,2022-09-04T14:24:37.749Z,2022-10-06T08:02:51.774Z,,CARNIVAL,2022-10-06T08:02:51.000Z,2022-09-04T14:24:37.678Z,,RcYNaxmVGxU70qQXeiQRC,,,REGULAR,,,NymCard-ARE-AED,NymCard-ARE-AED-Physical,VISA,TRUE
wu6BxeQIflaD7bp9QHDEe,227,227,11,User 6,VIRTUAL,ACTIVE,,6007,2023-10-24T12:56:34.847Z,2023-10-24T12:56:38.700Z,,PANDA,2023-10-24T12:56:38.000Z,2023-10-24T12:56:38.000Z,,RcYNaxmVGxU70qQXeiQRC,2026-10-31T00:00:00.000Z,Subscriptions MC,REGULAR,,,NymCard-ARE-AED,NymCard-ARE-AED-Virtual-4,MASTER,TRUE
I26FJHLe9qJrRQH5sN_KY,227,227,11,User 6,VIRTUAL,TERMINATED,,1816,2023-05-16T07:49:11.328Z,2023-10-24T11:11:15.578Z,,PANDA,2023-05-16T07:49:14.000Z,2023-05-16T07:49:14.000Z,,RcYNaxmVGxU70qQXeiQRC,2026-05-31T00:00:00.000Z,Subscriptions,REGULAR,,NymCardCommercialVirtualProduct,NymCard-ARE-AED,NymCard-ARE-AED-Virtual-3,VISA,TRUE
3D-gXy4jeqOxSW2GMmb5E,227,46,11,People Team Expenses,VIRTUAL,TERMINATED,,75,2022-08-16T09:12:35.484Z,2023-05-15T06:19:44.238Z,,OCEAN_PANDA,,2022-08-17T11:43:06.424Z,,RcYNaxmVGxU70qQXeiQRC,,,REGULAR,,,NymCard-ARE-AED,NymCard-ARE-AED-Virtual,VISA,TRUE
_kYkoUPi9bXREceWiPYjB,227,46,11,Business 1 Perks Panda,PHYSICAL,SUSPENDED,,422,2022-09-27T10:50:26.875Z,2023-11-06T12:19:03.630Z,,CARNIVAL,2023-11-06T12:19:03.000Z,2022-09-27T10:50:26.821Z,,RcYNaxmVGxU70qQXeiQRC,,,REGULAR,,,NymCard-ARE-AED,NymCard-ARE-AED-Physical,VISA,TRUE
0TVAIjyMwhrUuuFifFJT8,227,46,11,User 6,PHYSICAL,INACTIVE,,9043,2023-11-07T11:34:20.543Z,2023-11-07T11:34:26.534Z,,CARNIVAL,,2023-11-07T11:34:26.000Z,,RcYNaxmVGxU70qQXeiQRC,2026-11-30T00:00:00.000Z,People and Culture,REGULAR,,,NymCard-ARE-AED,NymCard-ARE-AED-Physical-4,MASTER,TRUE
ddg0IT3liEIALRvAr9YH5,227,46,11,Business 1 Perks Penguin,PHYSICAL,ACTIVE,,1628,2022-09-27T10:52:11.681Z,2023-09-21T04:53:56.648Z,,CARNIVAL,2022-11-07T09:48:08.000Z,2022-09-27T10:52:11.664Z,,RcYNaxmVGxU70qQXeiQRC,,,REGULAR,,,NymCard-ARE-AED,NymCard-ARE-AED-Physical,VISA,FALSE
8Pe_64LNfX2TGlorjcRqo,227,46,11,User 6,PHYSICAL,ACTIVE,,6130,2023-04-11T13:57:02.783Z,2023-05-01T08:07:09.186Z,,CARNIVAL,2023-05-01T08:07:09.000Z,2023-04-11T13:57:05.000Z,,RcYNaxmVGxU70qQXeiQRC,2026-04-30T00:00:00.000Z,Egypt Team Building,REGULAR,,,NymCard-ARE-AED,NymCard-ARE-AED-Physical-2,VISA,TRUE
Cz8OudyAUwI-jj7QPccZJ,232,46,11,User 7,PHYSICAL,ACTIVE,,521,2022-09-28T13:31:11.370Z,2023-09-21T09:55:57.182Z,,CARNIVAL,2022-10-17T07:59:44.000Z,2022-09-28T13:31:11.353Z,,RcYNaxmVGxU70qQXeiQRC,,,REGULAR,,,NymCard-ARE-AED,NymCard-ARE-AED-Physical,VISA,FALSE
xdc8AvSXoKLqkDYN-gscK,232,232,11,User 7,VIRTUAL,TERMINATED,,2418,2023-05-17T13:50:48.897Z,2023-07-09T05:54:52.115Z,,EGGSHELL_CARNIVAL,2023-05-17T13:50:52.000Z,2023-05-17T13:50:52.000Z,,RcYNaxmVGxU70qQXeiQRC,2026-05-31T00:00:00.000Z,Tech,REGULAR,,NymCardCommercialVirtualProduct,NymCard-ARE-AED,NymCard-ARE-AED-Virtual-3,VISA,TRUE
gpHKkjHHClGA6koY7yvd3,232,232,11,User 7,VIRTUAL,TERMINATED,,3119,2023-05-18T14:14:17.784Z,2023-07-09T05:55:00.071Z,,CARNIVAL,2023-05-18T14:14:20.000Z,2023-05-18T14:14:20.000Z,,RcYNaxmVGxU70qQXeiQRC,2023-06-30T00:00:00.000Z,Svuctest,SINGLE_USE,NymCard  test,NymCardCommercialVirtualProduct,NymCard-ARE-AED,NymCard-ARE-AED-SUVC-2,VISA,TRUE
8P2rXzqaaLKzVKGAf2KTm,232,232,11,User 7,VIRTUAL,TERMINATED,,5330,2023-04-19T13:07:06.229Z,2023-05-15T06:28:49.207Z,,CARNIVAL,2023-04-19T18:52:29.000Z,2023-04-19T18:52:29.000Z,,RcYNaxmVGxU70qQXeiQRC,2026-04-30T00:00:00.000Z,WithoutVelocity,REGULAR,,,NymCard-ARE-AED,NymCard-ARE-AED-Virtual-2,VISA,TRUE
c5GmPHEOdUdHElj1lwIRo,232,46,11,User 7,VIRTUAL,TERMINATED,,1719,2022-09-05T15:06:45.829Z,2023-07-09T05:54:43.795Z,,JUNGLE_CARNIVAL,2022-09-05T15:06:47.000Z,2022-09-05T15:06:45.822Z,,RcYNaxmVGxU70qQXeiQRC,,,REGULAR,,,NymCard-ARE-AED,NymCard-ARE-AED-Virtual,VISA,TRUE
84WQd1Eb0GTc3PsL32UPB,232,232,11,User 7,VIRTUAL,TERMINATED,,239,2023-03-29T12:30:51.685Z,2023-03-29T13:38:19.916Z,,CARNIVAL,2023-03-29T12:30:54.000Z,2023-03-29T12:30:54.000Z,,RcYNaxmVGxU70qQXeiQRC,2026-03-31T00:00:00.000Z,redistest,REGULAR,,,NymCard-ARE-AED,NymCard-ARE-AED-Virtual-2,VISA,TRUE
-VRS9LUpYvfRg1buYKSF-,232,232,11,User 7,VIRTUAL,TERMINATED,,6714,2023-06-21T08:17:19.553Z,2023-07-09T05:55:04.784Z,,OCEAN_CARNIVAL,2023-06-21T08:17:23.000Z,2023-06-21T08:17:23.000Z,dMM8oQkCd_8XxBhA6-0J_,RcYNaxmVGxU70qQXeiQRC,2026-06-30T00:00:00.000Z,test,REGULAR,,,NymCard-ARE-AED,NymCard-ARE-AED-Virtual-3,VISA,TRUE
6ugAA-IMMhBKwBJB-cmZP,232,257,11,User 7,VIRTUAL,ACTIVE,,2910,2023-07-09T05:57:52.204Z,2023-12-14T13:22:01.989Z,,PANDA,2023-07-31T11:40:24.000Z,2023-07-09T05:57:55.000Z,,RcYNaxmVGxU70qQXeiQRC,2026-07-31T00:00:00.000Z,Technology,REGULAR,,,NymCard-ARE-AED,NymCard-ARE-AED-Virtual-3,VISA,TRUE
mzC-JvQm-QjdoK8Lsu96U,232,232,11,User 7,VIRTUAL,TERMINATED,,6238,2023-04-19T13:00:32.733Z,2023-05-15T06:23:08.141Z,,EGGSHELL_CARNIVAL,2023-04-19T18:55:46.000Z,2023-04-19T18:55:46.000Z,,RcYNaxmVGxU70qQXeiQRC,2026-04-30T00:00:00.000Z,TestLimits,REGULAR,,,NymCard-ARE-AED,NymCard-ARE-AED-Virtual-2,VISA,TRUE
7LY6mhyGr86YFXVNA_EBN,233,233,16,User 3,VIRTUAL,ACTIVE,,1545,2022-10-24T07:31:43.535Z,2022-10-24T07:31:56.607Z,,CARNIVAL,2022-10-24T07:31:56.000Z,2022-10-24T07:31:43.196Z,,7sGOReHM3XwVQhYWPl4Cx,,,REGULAR,,,NymCard-ARE-AED,NymCard-ARE-AED-Virtual,VISA,TRUE
DAQe9omUKim4LrSmQJASj,233,233,16,User 3,PHYSICAL,ACTIVE,,638,2022-10-24T07:33:35.024Z,2023-08-27T05:31:03.477Z,,CARNIVAL,2023-08-27T05:31:03.000Z,2022-10-24T07:33:34.636Z,,7sGOReHM3XwVQhYWPl4Cx,,,REGULAR,,,NymCard-ARE-AED,NymCard-ARE-AED-Physical,VISA,TRUE
v7NRhnN-0x0rtc3sCH12B,233,233,16,User 3,VIRTUAL,TERMINATED,,3728,2023-08-22T12:46:53.828Z,2023-08-22T12:48:40.594Z,,OCEAN_CARNIVAL,2023-08-22T12:46:57.000Z,2023-08-22T12:46:57.000Z,,7sGOReHM3XwVQhYWPl4Cx,2026-08-31T00:00:00.000Z,Test,REGULAR,,,NymCard-ARE-AED,NymCard-ARE-AED-Virtual-3,VISA,TRUE
KnW5wIzVUUYRmMtLkCWP0,233,233,16,User 3,VIRTUAL,ACTIVE,,9725,2023-08-23T06:54:27.060Z,2023-08-23T06:54:30.607Z,,OCEAN_CARNIVAL,2023-08-23T06:54:30.000Z,2023-08-23T06:54:30.000Z,,7sGOReHM3XwVQhYWPl4Cx,2026-08-31T00:00:00.000Z,Test Tobias,REGULAR,,,NymCard-ARE-AED,NymCard-ARE-AED-Virtual-3,VISA,TRUE
hiFtwFDCOsnjfW60P6bMK,233,233,16,User 3,VIRTUAL,ACTIVE,,1859,2022-11-25T16:05:26.926Z,2022-11-25T16:05:35.546Z,,CARNIVAL,2022-11-25T16:05:35.000Z,2022-11-25T16:05:26.924Z,,7sGOReHM3XwVQhYWPl4Cx,,,REGULAR,,,NymCard-ARE-AED,NymCard-ARE-AED-Virtual,VISA,TRUE
DLXXPalWvZ8OOPpqDs_k0,257,257,11,User 9,VIRTUAL,TERMINATED,,16,2023-05-08T15:26:06.595Z,2023-05-13T06:46:18.384Z,,CARNIVAL,2023-05-13T06:45:55.000Z,2023-05-08T15:26:09.000Z,,RcYNaxmVGxU70qQXeiQRC,2026-05-31T00:00:00.000Z,Ads Card,REGULAR,,NymCardCommercialVirtualProduct,NymCard-ARE-AED,NymCard-ARE-AED-Virtual-3,VISA,TRUE
UxrMPphkDcTGBhT2P0L1x,257,46,11,User 9,VIRTUAL,TERMINATED,,1412,2022-09-05T10:46:10.483Z,2023-05-15T06:26:01.083Z,,CHEESECAKE_PANDA,2022-09-05T10:46:12.000Z,2022-09-05T10:46:10.481Z,,RcYNaxmVGxU70qQXeiQRC,,,REGULAR,,,NymCard-ARE-AED,NymCard-ARE-AED-Virtual,VISA,TRUE
tPOGAYCuue0oca9kZJvPc,257,257,11,User 9,VIRTUAL,TERMINATED,,6210,2023-06-08T09:00:24.537Z,2023-06-08T12:43:09.132Z,,CARNIVAL,2023-06-08T09:00:27.000Z,2023-06-08T09:00:27.000Z,,RcYNaxmVGxU70qQXeiQRC,2026-06-30T00:00:00.000Z,Testing card,REGULAR,,NymCardCommercialVirtualProduct,NymCard-ARE-AED,NymCard-ARE-AED-Virtual-3,VISA,TRUE
x6mMCQNde_R5efkVK_dsc,257,257,11,User 9,VIRTUAL,ACTIVE,A1,7006,2023-10-24T07:13:59.752Z,2023-12-13T09:41:17.463Z,,OCEAN_CARNIVAL,2023-10-24T07:14:04.000Z,2023-10-24T07:14:04.000Z,,RcYNaxmVGxU70qQXeiQRC,2026-10-31T00:00:00.000Z,SUVC MC,SINGLE_USE,,,NymCard-ARE-AED,NymCard-ARE-AED-SUVC-3,MASTER,TRUE
lr_SZXQJbmDmZam0ryh29,257,257,11,User 9,PHYSICAL,INACTIVE,,1005,2023-10-25T20:13:12.269Z,2023-10-25T20:13:17.100Z,,CARNIVAL,,2023-10-25T20:13:17.000Z,,RcYNaxmVGxU70qQXeiQRC,2026-10-31T00:00:00.000Z,Product,REGULAR,,,NymCard-ARE-AED,NymCard-ARE-AED-Physical-4,MASTER,TRUE
YuI1E9s-T5AQ6qswWzZXI,257,257,11,User 9,VIRTUAL,TERMINATED,,7559,2023-05-08T13:51:41.850Z,2023-05-15T06:25:24.965Z,,CARNIVAL,2023-05-08T13:51:44.000Z,2023-05-08T13:51:44.000Z,,RcYNaxmVGxU70qQXeiQRC,2026-05-31T00:00:00.000Z,Second New BIN Card,REGULAR,,,NymCard-ARE-AED,NymCard-ARE-AED-Virtual-2,VISA,TRUE
ZEq0vHzMuv7UrW2d3mERY,257,257,11,User 9,PHYSICAL,ACTIVE,,5049,2023-05-14T11:58:08.327Z,2023-09-21T09:53:59.677Z,,CARNIVAL,2023-05-26T16:01:29.000Z,2023-05-14T11:58:11.000Z,,RcYNaxmVGxU70qQXeiQRC,2026-05-31T00:00:00.000Z,Product,REGULAR,,NymCardDefault,NymCard-ARE-AED,NymCard-ARE-AED-Physical-2,VISA,FALSE
iWu7vSRnhJZdB0_wiXKVy,257,232,11,User 9,VIRTUAL,TERMINATED,,1922,2023-03-23T08:58:53.595Z,2023-05-15T06:27:18.394Z,,CARNIVAL,2023-03-23T08:58:56.000Z,2023-03-23T08:58:56.000Z,,RcYNaxmVGxU70qQXeiQRC,2023-04-30T00:00:00.000Z,SUVC,SINGLE_USE,,,NymCard-ARE-AED,NymCard-ARE-AED-Virtual-2,VISA,TRUE
Mrs7uXdhdxrbkIKUC0eG7,257,257,11,User 9,VIRTUAL,FAILED_TO_ISSUE,,,2023-05-08T14:09:14.245Z,2023-05-08T22:19:43.420Z,,CARNIVAL,,,,,,New BIN Card,REGULAR,,NymCardCommercialVirtualProduct,NymCard-ARE-AED,NymCard-ARE-AED-Virtual-3,VISA,TRUE
T_57fv25taQ5rNtlyl_fZ,257,257,11,User 9,VIRTUAL,ACTIVE,,2210,2023-05-17T10:30:09.251Z,2023-05-17T10:30:13.112Z,,CARNIVAL,2023-05-17T10:30:13.000Z,2023-05-17T10:30:13.000Z,,RcYNaxmVGxU70qQXeiQRC,2026-05-31T00:00:00.000Z,Commercial,REGULAR,,NymCardCommercialVirtualProduct,NymCard-ARE-AED,NymCard-ARE-AED-Virtual-3,VISA,TRUE
3niUHiKJkCf1869DAzW8h,257,257,11,User 9,VIRTUAL,TERMINATED,,7029,2023-03-11T20:29:07.025Z,2023-05-15T06:24:38.915Z,,CARNIVAL,2023-03-15T09:58:23.000Z,2023-03-11T20:30:09.000Z,hvOXIESRHw-27RaIpjtxf,RcYNaxmVGxU70qQXeiQRC,2026-03-31T00:00:00.000Z,SanityTest,REGULAR,,,NymCard-ARE-AED,NymCard-ARE-AED-Virtual-2,VISA,TRUE
LIgSSLrUryxxbB9B4Ni3J,257,257,11,User 9,VIRTUAL,ACTIVE,,1,2023-10-04T17:28:08.389Z,2023-10-04T17:28:13.297Z,,PANDA,2023-10-04T17:28:13.000Z,2023-10-04T17:28:13.000Z,,RcYNaxmVGxU70qQXeiQRC,2026-10-31T00:00:00.000Z,MC Card,REGULAR,,,NymCard-ARE-AED,NymCard-ARE-AED-Virtual-4,MASTER,TRUE
e7JTBkLxDLsOqUrkUPnOE,257,231,11,User 9,VIRTUAL,TERMINATED,,2020,2023-02-28T09:27:13.137Z,2023-05-15T06:24:49.218Z,,CHEESECAKE_PANDA,2023-02-28T09:27:18.000Z,2023-02-28T09:27:18.000Z,,RcYNaxmVGxU70qQXeiQRC,2026-02-28T00:00:00.000Z,Frequency test,REGULAR,,,NymCard-ARE-AED,NymCard-ARE-AED-Virtual-2,VISA,TRUE
tSqDV_kzHHMO1NTDdIFxI,257,257,11,User 9,VIRTUAL,TERMINATED,,727,2023-02-27T09:05:43.049Z,2023-05-15T06:24:31.127Z,,CARNIVAL,2023-02-27T09:05:49.000Z,2023-02-27T09:05:49.000Z,,RcYNaxmVGxU70qQXeiQRC,2026-02-28T00:00:00.000Z,SingleUseTest,REGULAR,,,NymCard-ARE-AED,NymCard-ARE-AED-Virtual-2,VISA,TRUE
jaWnRsMafHXaG2GMq8oIY,257,231,11,User 9,VIRTUAL,TERMINATED,,2327,2023-03-01T07:08:32.492Z,2023-05-15T06:20:42.640Z,,CHEESECAKE_PANDA,2023-03-01T07:08:40.000Z,2023-03-01T07:08:40.000Z,,RcYNaxmVGxU70qQXeiQRC,2026-03-31T00:00:00.000Z,Frequency testt,REGULAR,,,NymCard-ARE-AED,NymCard-ARE-AED-Virtual-2,VISA,TRUE
cpyH919OyBAY16ueiNlre,257,257,11,User 9,VIRTUAL,TERMINATED,,2459,2023-05-08T13:47:38.936Z,2023-05-15T06:25:19.450Z,,CARNIVAL,2023-05-08T13:47:42.000Z,2023-05-08T13:47:42.000Z,,RcYNaxmVGxU70qQXeiQRC,2026-05-31T00:00:00.000Z,First New BIN Card,REGULAR,,,NymCard-ARE-AED,NymCard-ARE-AED-Virtual-2,VISA,TRUE
T3bZkaCJzckmw9hGovn81,257,257,11,User 9,VIRTUAL,TERMINATED,,6840,2023-05-07T06:56:21.574Z,2023-05-15T06:25:10.112Z,,CARNIVAL,2023-05-07T06:56:24.000Z,2023-05-07T06:56:24.000Z,,RcYNaxmVGxU70qQXeiQRC,2026-05-31T00:00:00.000Z,MCC test card,REGULAR,,,NymCard-ARE-AED,NymCard-ARE-AED-Virtual-2,VISA,TRUE
gFQ_bQkdlIrkZbAUoNWID,257,257,11,User 9,VIRTUAL,TERMINATED,,1328,2023-03-21T21:10:47.278Z,2023-05-15T06:24:56.170Z,,CARNIVAL,2023-03-21T21:10:51.000Z,2023-03-21T21:10:51.000Z,f3arNAkDm5YOCHx9fa4WZ,RcYNaxmVGxU70qQXeiQRC,2026-03-31T00:00:00.000Z,Test card,REGULAR,,,NymCard-ARE-AED,NymCard-ARE-AED-Virtual-2,VISA,TRUE
IhfG1sPfknJJgKGrQid-3,257,257,11,User 9,VIRTUAL,TERMINATED,,933,2023-05-08T15:27:29.181Z,2023-05-15T06:26:16.429Z,,CARNIVAL,2023-05-08T15:27:32.000Z,2023-05-08T15:27:32.000Z,,RcYNaxmVGxU70qQXeiQRC,2026-05-31T00:00:00.000Z,Default Card,REGULAR,,NymCardDefault,NymCard-ARE-AED,NymCard-ARE-AED-Virtual-2,VISA,TRUE
oYIPdtNvz3opAWDG8yy8h,257,257,11,User 9,VIRTUAL,TERMINATED,,6443,2023-05-08T13:52:49.885Z,2023-05-15T06:25:31.026Z,,CARNIVAL,2023-05-08T13:52:52.000Z,2023-05-08T13:52:52.000Z,,RcYNaxmVGxU70qQXeiQRC,2026-05-31T00:00:00.000Z,Third New BIN Card,REGULAR,,,NymCard-ARE-AED,NymCard-ARE-AED-Virtual-2,VISA,TRUE
lEG6BEsnaJbAvyo5RC8fn,257,257,11,User 9,VIRTUAL,TERMINATED,,7542,2023-05-03T13:38:56.581Z,2023-05-15T06:25:03.755Z,,CARNIVAL,2023-05-03T13:38:59.000Z,2023-05-03T13:38:59.000Z,,RcYNaxmVGxU70qQXeiQRC,2026-05-31T00:00:00.000Z,API check,REGULAR,,,NymCard-ARE-AED,NymCard-ARE-AED-Virtual-2,VISA,TRUE
p_x9M97oMk6ei9vQVgJji,257,257,11,User 9,PHYSICAL,INACTIVE,,6019,2023-10-31T17:25:56.217Z,2023-10-31T17:26:01.822Z,,CARNIVAL,,2023-10-31T17:26:01.000Z,,RcYNaxmVGxU70qQXeiQRC,2026-10-31T00:00:00.000Z,Product,REGULAR,,,NymCard-ARE-AED,NymCard-ARE-AED-Physical-4,MASTER,TRUE
WKeJXcRxLjPKxnUYvH9BH,257,257,11,User 9,VIRTUAL,ACTIVE,A1,9002,2023-10-24T10:09:49.194Z,2023-12-12T07:23:08.510Z,,PANDA,2023-10-24T10:09:53.000Z,2023-10-24T10:09:53.000Z,,RcYNaxmVGxU70qQXeiQRC,2026-10-31T00:00:00.000Z,SUVC second testing,SINGLE_USE,,,NymCard-ARE-AED,NymCard-ARE-AED-SUVC-3,MASTER,TRUE
bvyi2fT32XN4L3gAupjx-,257,257,11,User 9,VIRTUAL,TERMINATED,,6008,2023-10-24T07:13:01.871Z,2023-10-24T07:21:36.965Z,,CARNIVAL,2023-10-24T07:13:07.000Z,2023-10-24T07:13:07.000Z,,RcYNaxmVGxU70qQXeiQRC,2026-10-31T00:00:00.000Z,Mobile mc,REGULAR,,,NymCard-ARE-AED,NymCard-ARE-AED-Virtual-4,MASTER,TRUE
_PAK1spHjJTryHJIgRJQ0,257,257,11,User 9,VIRTUAL,SUSPENDED,,5000,2023-10-24T07:08:43.967Z,2023-10-24T07:10:41.176Z,,OCEAN_CARNIVAL,2023-10-24T07:08:48.000Z,2023-10-24T07:08:48.000Z,,RcYNaxmVGxU70qQXeiQRC,2026-10-31T00:00:00.000Z,testing MC prod,REGULAR,,,NymCard-ARE-AED,NymCard-ARE-AED-Virtual-4,MASTER,TRUE
HFLybJ4hWgv60ASVcTkpx,257,257,11,User 9,VIRTUAL,TERMINATED,,7812,2023-06-11T10:54:09.177Z,2023-06-11T10:54:23.167Z,,OCEAN_CARNIVAL,2023-06-11T10:54:12.000Z,2023-06-11T10:54:12.000Z,,RcYNaxmVGxU70qQXeiQRC,2026-06-30T00:00:00.000Z,testing card,REGULAR,,NymCardCommercialVirtualProduct,NymCard-ARE-AED,NymCard-ARE-AED-Virtual-3,VISA,TRUE
cfSt1pCoJv9Me6gP51hZI,257,257,11,User 9,VIRTUAL,TERMINATED,,610,2023-05-14T05:38:24.874Z,2023-07-10T10:01:36.301Z,,CARNIVAL,2023-05-14T05:38:28.000Z,2023-05-14T05:38:28.000Z,,RcYNaxmVGxU70qQXeiQRC,2026-05-31T00:00:00.000Z,Ads card,REGULAR,,NymCardCommercialVirtualProduct,NymCard-ARE-AED,NymCard-ARE-AED-Virtual-3,VISA,TRUE
eC3AwLrr5NLr3ns_etEcj,257,257,11,User 9,VIRTUAL,TERMINATED,,3541,2023-05-03T13:49:26.842Z,2023-05-15T06:27:23.979Z,,CARNIVAL,2023-05-03T13:49:29.000Z,2023-05-03T13:49:29.000Z,,RcYNaxmVGxU70qQXeiQRC,2023-06-30T00:00:00.000Z,One use,SINGLE_USE,To test nym api,,NymCard-ARE-AED,NymCard-ARE-AED-Virtual-2,VISA,TRUE
xHhJfTzBJV6poy6qwjaV-,257,46,11,User 9,PHYSICAL,ACTIVE,,1040,2022-09-25T03:38:59.665Z,2023-08-17T06:42:04.728Z,,CARNIVAL,2022-09-28T07:23:54.000Z,2022-09-25T03:38:59.633Z,,RcYNaxmVGxU70qQXeiQRC,,,REGULAR,,,NymCard-ARE-AED,NymCard-ARE-AED-Physical,VISA,TRUE
1BQQ6uDyqUY1FC4QyWYRK,257,257,11,User 9,PHYSICAL,ACTIVE,,29,2023-09-06T13:20:06.294Z,2023-09-21T10:10:00.695Z,,CARNIVAL,2023-09-11T05:22:57.000Z,2023-09-06T13:20:09.000Z,,RcYNaxmVGxU70qQXeiQRC,2026-09-30T00:00:00.000Z,Commercial,REGULAR,,,NymCard-ARE-AED,NymCard-ARE-AED-Physical-3,,TRUE
bwPN8zGfDWWXTncrmJSs0,258,63,16,User 10,VIRTUAL,SUSPENDED,,1032,2022-09-22T14:14:05.110Z,2022-09-22T14:14:23.257Z,,CARNIVAL,2022-09-22T14:14:10.000Z,2022-09-22T14:14:05.106Z,,7sGOReHM3XwVQhYWPl4Cx,,,REGULAR,,,NymCard-ARE-AED,NymCard-ARE-AED-Virtual,VISA,TRUE
SXtEIgBmfiJqAoO9icJmZ,258,63,16,User 10,VIRTUAL,ACTIVE,,7622,2023-08-17T15:36:16.295Z,2023-08-17T15:36:19.348Z,,OCEAN_CARNIVAL,2023-08-17T15:36:19.000Z,2023-08-17T15:36:19.000Z,,7sGOReHM3XwVQhYWPl4Cx,2026-08-31T00:00:00.000Z,test,REGULAR,,,NymCard-ARE-AED,NymCard-ARE-AED-Virtual-3,VISA,TRUE
ndDuYkcdQkmwIJT7qunhq,258,63,16,User 10,PHYSICAL,ACTIVE,,1123,2022-09-22T14:15:18.658Z,2023-08-26T18:51:43.123Z,,CARNIVAL,2022-09-26T11:27:28.000Z,2022-09-22T14:15:18.657Z,,7sGOReHM3XwVQhYWPl4Cx,,,REGULAR,,,NymCard-ARE-AED,NymCard-ARE-AED-Physical,VISA,TRUE
KG0tx_C8j1khXILaQCSvU,258,258,16,User 10,VIRTUAL,ACTIVE,,1925,2022-09-08T11:25:30.813Z,2022-09-08T11:25:35.602Z,,PANDA,2022-09-08T11:25:35.000Z,2022-09-08T11:25:30.534Z,,7sGOReHM3XwVQhYWPl4Cx,,,REGULAR,,,NymCard-ARE-AED,NymCard-ARE-AED-Virtual,VISA,TRUE
6EJgpbSLEOrXEHJf38jn7,260,46,11,User 11,VIRTUAL,TERMINATED,,1511,2022-09-05T11:00:06.197Z,2023-09-27T10:11:57.701Z,,EGGSHELL_CARNIVAL,2022-09-05T11:00:08.000Z,2022-09-05T11:00:06.196Z,,RcYNaxmVGxU70qQXeiQRC,,,REGULAR,,,NymCard-ARE-AED,NymCard-ARE-AED-Virtual,VISA,TRUE
O6fb0itlwM3DLq_X7JNR0,260,260,11,User 11,VIRTUAL,TERMINATED,,5850,2023-05-04T11:14:22.890Z,2023-05-04T11:19:37.407Z,,CARNIVAL,2023-05-04T11:14:25.000Z,2023-05-04T11:14:25.000Z,,RcYNaxmVGxU70qQXeiQRC,2026-05-31T00:00:00.000Z,Alistair,REGULAR,,,NymCard-ARE-AED,NymCard-ARE-AED-Virtual-2,VISA,TRUE
yAseUMd6bsve1gy3MxhHM,260,260,11,User 11,VIRTUAL,ACTIVE,,8554,2023-09-27T10:13:35.376Z,2023-12-18T07:38:58.035Z,,JUNGLE_CARNIVAL,2023-09-27T10:13:39.000Z,2023-09-27T10:13:39.000Z,,RcYNaxmVGxU70qQXeiQRC,2026-09-30T00:00:00.000Z,Phone expenses,REGULAR,,,NymCard-ARE-AED,NymCard-ARE-AED-Virtual-3,VISA,TRUE
rX6KPZldCLPVlsf9upX13,260,46,11,User 11,PHYSICAL,ACTIVE,,620,2022-09-25T03:10:23.057Z,2023-11-20T07:03:05.897Z,,CARNIVAL,2022-09-28T07:18:22.000Z,2022-09-25T03:10:23.012Z,,RcYNaxmVGxU70qQXeiQRC,,,REGULAR,,,NymCard-ARE-AED,NymCard-ARE-AED-Physical,VISA,FALSE
3b-zh2OG9uA8Vr3TwnqNp,260,46,11,User 11,VIRTUAL,TERMINATED,,1917,2022-09-07T08:35:01.097Z,2023-01-19T05:56:13.957Z,,OCEAN_PANDA,2022-09-07T08:35:04.000Z,2022-09-07T08:35:01.001Z,,RcYNaxmVGxU70qQXeiQRC,,,REGULAR,,,NymCard-ARE-AED,NymCard-ARE-AED-Virtual,VISA,TRUE
BcBhnGbayHIuxuGpGcKP8,267,267,11,User 12,VIRTUAL,TERMINATED,,9429,2023-08-15T08:54:51.715Z,2023-08-31T09:53:14.213Z,,OCEAN_CARNIVAL,2023-08-15T08:54:55.000Z,2023-08-15T08:54:55.000Z,,RcYNaxmVGxU70qQXeiQRC,2026-08-31T00:00:00.000Z,Abdellui test,SINGLE_USE,test,,NymCard-ARE-AED,NymCard-ARE-AED-SUVC-2,VISA,TRUE
83UVBp_t0zawAX7TXClNO,267,267,11,User 12,VIRTUAL,TERMINATED,,2227,2023-08-17T09:02:29.294Z,2023-08-31T09:52:31.901Z,,OCEAN_CARNIVAL,2023-08-17T09:02:32.000Z,2023-08-17T09:02:32.000Z,,RcYNaxmVGxU70qQXeiQRC,2026-08-31T00:00:00.000Z,testtesthjjjj,REGULAR,,,NymCard-ARE-AED,NymCard-ARE-AED-Virtual-3,VISA,TRUE
IVA_hvq070g5XtkZ3U3c8,267,267,11,User 12,VIRTUAL,TERMINATED,,7028,2023-08-08T13:43:15.564Z,2023-08-31T09:53:37.591Z,,OCEAN_CARNIVAL,2023-08-08T13:43:19.000Z,2023-08-08T13:43:19.000Z,,RcYNaxmVGxU70qQXeiQRC,2026-08-31T00:00:00.000Z,Test,REGULAR,,,NymCard-ARE-AED,NymCard-ARE-AED-Virtual-3,VISA,TRUE
iAAzN2xjmCwiyM8J7Mf5R,267,267,11,User 12,VIRTUAL,TERMINATED,,6730,2023-08-14T09:01:16.019Z,2023-08-31T09:53:25.902Z,,CARNIVAL,2023-08-14T09:01:20.000Z,2023-08-14T09:01:20.000Z,,RcYNaxmVGxU70qQXeiQRC,2026-08-31T00:00:00.000Z,Test,SINGLE_USE,Test,,NymCard-ARE-AED,NymCard-ARE-AED-SUVC-2,VISA,TRUE
-f0GtgpO0VZqq8Sq53V2v,267,267,11,User 12,VIRTUAL,TERMINATED,,4528,2023-08-15T12:40:37.096Z,2023-08-31T09:53:02.652Z,,OCEAN_CARNIVAL,2023-08-15T12:40:42.000Z,2023-08-15T12:40:42.000Z,,RcYNaxmVGxU70qQXeiQRC,2026-08-31T00:00:00.000Z,test test product,REGULAR,,,NymCard-ARE-AED,NymCard-ARE-AED-Virtual-3,VISA,TRUE
iQEE2vGmK8QjD_A6fNxDQ,267,267,11,User 12,VIRTUAL,TERMINATED,,4923,2023-08-14T09:31:19.394Z,2023-08-31T09:53:19.760Z,,OCEAN_CARNIVAL,2023-08-14T09:31:22.000Z,2023-08-14T09:31:22.000Z,,RcYNaxmVGxU70qQXeiQRC,2026-08-31T00:00:00.000Z,tes test test,REGULAR,,,NymCard-ARE-AED,NymCard-ARE-AED-Virtual-3,VISA,TRUE
bhL3SLIU54_aYpKsmUqNF,267,267,11,User 12,VIRTUAL,TERMINATED,,1941,2022-10-05T13:49:16.444Z,2023-08-31T09:53:54.012Z,,CHEESECAKE_PANDA,2022-10-05T13:49:25.000Z,2022-10-05T13:49:16.168Z,,RcYNaxmVGxU70qQXeiQRC,,,REGULAR,,,NymCard-ARE-AED,NymCard-ARE-AED-Virtual,VISA,TRUE
yzo-8YZRYQBFZwj3qGj2H,267,267,11,User 12,PHYSICAL,ACTIVE,,1826,2022-10-05T13:46:35.587Z,2023-09-21T09:55:35.811Z,,CARNIVAL,2022-10-09T15:02:20.000Z,2022-10-05T13:46:35.360Z,,RcYNaxmVGxU70qQXeiQRC,,,REGULAR,,,NymCard-ARE-AED,NymCard-ARE-AED-Physical,VISA,FALSE
n1P73CGKKNYTVdawWSpoY,267,267,11,User 12,VIRTUAL,ACTIVE,,3127,2023-09-28T07:21:27.986Z,2023-11-09T10:43:59.658Z,,OCEAN_CARNIVAL,2023-11-09T10:43:59.000Z,2023-09-28T07:21:33.000Z,,RcYNaxmVGxU70qQXeiQRC,2026-09-30T00:00:00.000Z,SMS GLOBAL,REGULAR,,,NymCard-ARE-AED,NymCard-ARE-AED-Virtual-3,VISA,TRUE
A4rcefbxtzOhAAPPh8DPL,267,267,11,User 12,VIRTUAL,ACTIVE,,4934,2023-09-19T13:21:20.432Z,2023-11-09T12:48:42.682Z,,OCEAN_CARNIVAL,2023-11-09T12:48:42.000Z,2023-09-19T13:21:27.000Z,,RcYNaxmVGxU70qQXeiQRC,2026-09-30T00:00:00.000Z,Intercom Card,REGULAR,,,NymCard-ARE-AED,NymCard-ARE-AED-Virtual-3,VISA,TRUE
63QCWmBEn96573zs0YmEE,267,257,11,User 12,VIRTUAL,TERMINATED,,412,2023-05-10T07:37:25.655Z,2023-05-15T06:36:16.426Z,,CARNIVAL,2023-05-10T07:37:29.000Z,2023-05-10T07:37:29.000Z,,RcYNaxmVGxU70qQXeiQRC,2026-05-31T00:00:00.000Z,Online Card,REGULAR,,NymCardCommercialVirtualProduct,NymCard-ARE-AED,NymCard-ARE-AED-Virtual-3,VISA,TRUE
3G0yqOYZNxzDAiqrXrcyv,267,267,11,User 12,VIRTUAL,ACTIVE,,6026,2023-11-10T11:24:28.031Z,2023-11-10T11:24:33.895Z,,OCEAN_CARNIVAL,2023-11-10T11:24:33.000Z,2023-11-10T11:24:33.000Z,,RcYNaxmVGxU70qQXeiQRC,2026-11-30T00:00:00.000Z,Laptop,REGULAR,,,NymCard-ARE-AED,NymCard-ARE-AED-Virtual-4,MASTER,TRUE
M0fEjqly6w_kOyx6eU-eR,267,267,11,User 12,VIRTUAL,ACTIVE,,5410,2023-06-07T05:42:26.047Z,2023-06-07T05:42:29.244Z,,OCEAN_CARNIVAL,2023-06-07T05:42:29.000Z,2023-06-07T05:42:29.000Z,,RcYNaxmVGxU70qQXeiQRC,2026-06-30T00:00:00.000Z,Maqsam,REGULAR,,NymCardCommercialVirtualProduct,NymCard-ARE-AED,NymCard-ARE-AED-Virtual-3,VISA,TRUE
gybovai2fd2kM8eIHkZMx,267,267,11,User 12,PHYSICAL,ACTIVE,,8531,2023-04-13T13:13:53.834Z,2023-09-21T09:54:12.987Z,,CARNIVAL,2023-07-31T11:43:28.000Z,2023-04-13T13:13:57.000Z,,RcYNaxmVGxU70qQXeiQRC,2026-04-30T00:00:00.000Z,Operations,REGULAR,,,NymCard-ARE-AED,NymCard-ARE-AED-Physical-2,VISA,FALSE
X-RbFDXGeN1mZJwngg_H2,267,267,11,User 12,PHYSICAL,TERMINATED,,6352,2023-08-17T09:42:43.812Z,2023-08-31T09:52:43.557Z,,CARNIVAL,2023-08-17T09:43:21.000Z,2023-08-17T09:42:46.000Z,,RcYNaxmVGxU70qQXeiQRC,2026-08-31T00:00:00.000Z,test test sddd,REGULAR,,,NymCard-ARE-AED,NymCard-ARE-AED-Physical-2,VISA,TRUE
22YTHxc--pM2ksP1ef27L,267,267,11,User 12,VIRTUAL,SUSPENDED,,2622,2023-08-08T15:04:09.299Z,2023-11-09T06:50:22.482Z,,OCEAN_CARNIVAL,2023-11-09T06:50:22.000Z,2023-08-08T15:04:12.000Z,,RcYNaxmVGxU70qQXeiQRC,2026-08-31T00:00:00.000Z,Intercom Billing,REGULAR,,,NymCard-ARE-AED,NymCard-ARE-AED-Virtual-3,VISA,TRUE
eZXzPxi7vjuZaj1uD9V3P,267,267,11,User 12,VIRTUAL,ACTIVE,,4,2023-10-28T10:53:50.774Z,2023-11-09T06:42:57.934Z,,OCEAN_CARNIVAL,2023-10-28T10:53:55.000Z,2023-10-28T10:53:55.000Z,,RcYNaxmVGxU70qQXeiQRC,2026-10-31T00:00:00.000Z,MC Card,REGULAR,,,NymCard-ARE-AED,NymCard-ARE-AED-Virtual-4,MASTER,TRUE
3YKBj_rW4fe0MIcp_MhGu,267,267,11,User 12,VIRTUAL,TERMINATED,,1237,2023-08-15T10:43:46.358Z,2023-08-31T09:53:08.668Z,,OCEAN_CARNIVAL,2023-08-15T10:43:49.000Z,2023-08-15T10:43:49.000Z,,RcYNaxmVGxU70qQXeiQRC,2026-08-31T00:00:00.000Z,tes test ala,REGULAR,,,NymCard-ARE-AED,NymCard-ARE-AED-Virtual-3,VISA,TRUE
qWO7at4R9qNPykSpT9JF5,479,63,16,Zohaib Purchases,VIRTUAL,ACTIVE,,7426,2023-02-13T08:10:32.615Z,2023-02-13T08:10:34.635Z,,CARNIVAL,2023-02-13T08:10:34.000Z,2023-02-13T08:10:32.614Z,,7sGOReHM3XwVQhYWPl4Cx,,,REGULAR,,,NymCard-ARE-AED,NymCard-ARE-AED-Virtual-2,VISA,TRUE
lCcbB_s8vBsFyHKLd-f6G,479,63,16,MCC test,VIRTUAL,ACTIVE,,5826,2023-02-09T09:26:24.563Z,2023-02-22T09:40:08.478Z,,CARNIVAL,2023-02-09T09:26:26.000Z,2023-02-09T09:26:24.561Z,,7sGOReHM3XwVQhYWPl4Cx,,,REGULAR,,,NymCard-ARE-AED,NymCard-ARE-AED-Virtual-2,VISA,TRUE
VzPTgIGjQEl8hOj6bm0Fq,479,63,16,Movies card,VIRTUAL,ACTIVE,,9225,2023-01-30T05:27:54.035Z,2023-01-30T05:27:56.563Z,,CARNIVAL,2023-01-30T05:27:56.000Z,2023-01-30T05:27:54.033Z,,7sGOReHM3XwVQhYWPl4Cx,,,REGULAR,,,NymCard-ARE-AED,NymCard-ARE-AED-Virtual-2,VISA,TRUE
kqD8pVdaWZK0Vf56MJUal,479,479,16,Zohaib,PHYSICAL,ACTIVE,,4046,2023-10-01T16:07:34.511Z,2023-12-12T10:27:33.124Z,,CARNIVAL,2023-10-05T05:45:58.000Z,2023-10-01T16:07:38.000Z,,7sGOReHM3XwVQhYWPl4Cx,2026-10-31T00:00:00.000Z,Business 2,REGULAR,,,NymCard-ARE-AED,NymCard-ARE-AED-Physical-3,VISA,TRUE
fn3Uaw3C063zPEMWSEd3G,510,510,11,User 14,VIRTUAL,ACTIVE,,3810,2023-06-19T10:48:53.752Z,2023-06-19T10:48:56.820Z,,PANDA,2023-06-19T10:48:56.000Z,2023-06-19T10:48:56.000Z,,RcYNaxmVGxU70qQXeiQRC,2026-06-30T00:00:00.000Z,GCP,REGULAR,,NymCardCommercialVirtualProduct,NymCard-ARE-AED,NymCard-ARE-AED-Virtual-3,VISA,TRUE
A0DNARD6aQDHZaiLXXyt0,510,510,11,User 14,VIRTUAL,TERMINATED,,636,2023-04-13T13:57:39.572Z,2023-05-01T16:24:08.771Z,,CHEESECAKE_PANDA,2023-04-13T13:57:42.000Z,2023-04-13T13:57:42.000Z,,RcYNaxmVGxU70qQXeiQRC,2026-04-30T00:00:00.000Z,Tech subscriptions,REGULAR,,,NymCard-ARE-AED,NymCard-ARE-AED-Virtual-2,VISA,TRUE
OgwKoOAw5j6b84Dfw4V4C,510,46,11,User 14,PHYSICAL,ACTIVE,,174,2022-11-15T08:09:03.022Z,2023-09-21T09:55:02.369Z,,CARNIVAL,2022-11-22T12:50:37.000Z,2022-11-15T08:09:00.114Z,,RcYNaxmVGxU70qQXeiQRC,,,REGULAR,,,NymCard-ARE-AED,NymCard-ARE-AED-Physical,VISA,FALSE
eu3zpyFNdQDswJFW_HOPO,510,510,11,User 14,VIRTUAL,ACTIVE,,5011,2023-11-02T08:42:50.478Z,2023-12-05T11:36:53.263Z,,EGGSHELL_CARNIVAL,2023-11-02T08:42:54.000Z,2023-11-02T08:42:54.000Z,,RcYNaxmVGxU70qQXeiQRC,2026-11-30T00:00:00.000Z,Subscriptions,REGULAR,,,NymCard-ARE-AED,NymCard-ARE-AED-Virtual-4,MASTER,TRUE
wVNmcj5kFEgMKrqPXuO2n,510,510,11,User 14,VIRTUAL,TERMINATED,,1732,2023-05-01T16:22:38.472Z,2023-11-02T08:43:13.682Z,,JUNGLE_CARNIVAL,2023-05-01T16:22:41.000Z,2023-05-01T16:22:41.000Z,,RcYNaxmVGxU70qQXeiQRC,2026-05-31T00:00:00.000Z,Subscriptions,REGULAR,,,NymCard-ARE-AED,NymCard-ARE-AED-Virtual-2,VISA,TRUE
YDM5nOCdr1iVnOBsPJIme,516,516,11,Linkedin SALES TEAM,VIRTUAL,ACTIVE,,6726,2023-01-18T05:57:02.094Z,2023-01-18T05:57:05.340Z,,OCEAN_CARNIVAL,2023-01-18T05:57:05.000Z,2023-01-18T05:57:02.092Z,,RcYNaxmVGxU70qQXeiQRC,,,REGULAR,,,NymCard-ARE-AED,NymCard-ARE-AED-Virtual-2,VISA,TRUE
11taNWs9xvT8gC4Zt8kvs,516,516,11,Sales tools,VIRTUAL,ACTIVE,,8227,2023-01-24T07:43:50.638Z,2023-09-22T10:55:22.998Z,,OCEAN_PANDA,2023-01-24T07:43:52.000Z,2023-01-24T07:43:50.638Z,,RcYNaxmVGxU70qQXeiQRC,,,REGULAR,,,NymCard-ARE-AED,NymCard-ARE-AED-Virtual-2,VISA,TRUE
NRl63_ES9Fh8QIWNpZn4D,516,516,11,Monday,VIRTUAL,ACTIVE,,7129,2023-02-13T06:51:19.459Z,2023-02-13T06:51:21.962Z,,CARNIVAL,2023-02-13T06:51:21.000Z,2023-02-13T06:51:19.457Z,,RcYNaxmVGxU70qQXeiQRC,,,REGULAR,,,NymCard-ARE-AED,NymCard-ARE-AED-Virtual-2,VISA,TRUE
05xBCyIVpleZRoUYW8h5x,516,516,11,Webflow,VIRTUAL,ACTIVE,,7228,2023-02-13T06:52:15.329Z,2023-02-13T06:52:18.387Z,,CHEESECAKE_PANDA,2023-02-13T06:52:18.000Z,2023-02-13T06:52:15.328Z,,RcYNaxmVGxU70qQXeiQRC,,,REGULAR,,,NymCard-ARE-AED,NymCard-ARE-AED-Virtual-2,VISA,TRUE
Rsvz09mem8gr4q39woeUu,516,516,11,Sales Dpt Gift,VIRTUAL,ACTIVE,,8721,2023-02-16T05:25:32.635Z,2023-02-16T05:25:36.595Z,,OCEAN_PANDA,2023-02-16T05:25:36.000Z,2023-02-16T05:25:32.635Z,,RcYNaxmVGxU70qQXeiQRC,,,REGULAR,,,NymCard-ARE-AED,NymCard-ARE-AED-Virtual-2,VISA,TRUE
ijZ2Ienw-dlUoswphtoPV,516,516,11,User 15,VIRTUAL,ACTIVE,,3440,2023-05-08T13:15:45.592Z,2023-05-08T13:15:48.602Z,,JUNGLE_CARNIVAL,2023-05-08T13:15:48.000Z,2023-05-08T13:15:48.000Z,,RcYNaxmVGxU70qQXeiQRC,2026-05-31T00:00:00.000Z,Marketing Ads Meta,REGULAR,,,NymCard-ARE-AED,NymCard-ARE-AED-Virtual-2,VISA,TRUE
vwvgzTeuM7eJHQ6ZhQZ8l,516,516,11,User 15,VIRTUAL,ACTIVE,,2152,2023-05-08T13:19:39.411Z,2023-05-08T13:19:42.286Z,,OCEAN_CARNIVAL,2023-05-08T13:19:42.000Z,2023-05-08T13:19:42.000Z,,RcYNaxmVGxU70qQXeiQRC,2026-05-31T00:00:00.000Z,Facebook Ads,REGULAR,,,NymCard-ARE-AED,NymCard-ARE-AED-Virtual-2,VISA,TRUE
T6OcX1Q9AJC3uuQ4Fzm0B,516,516,11,Sales,PHYSICAL,ACTIVE,,505,2022-12-13T06:35:14.538Z,2023-09-22T05:11:10.519Z,,CARNIVAL,2023-07-11T10:42:11.000Z,2022-12-13T06:35:14.528Z,,RcYNaxmVGxU70qQXeiQRC,,,REGULAR,,,NymCard-ARE-AED,NymCard-ARE-AED-Physical,VISA,TRUE
SQGqUMmPbg2SFpVqs5GjD,516,516,11,User 15,VIRTUAL,ACTIVE,,8613,2023-05-30T07:16:00.631Z,2023-05-30T07:16:03.783Z,,EGGSHELL_CARNIVAL,2023-05-30T07:16:03.000Z,2023-05-30T07:16:03.000Z,,RcYNaxmVGxU70qQXeiQRC,2026-05-31T00:00:00.000Z,Marketing TEST,REGULAR,,NymCardCommercialVirtualProduct,NymCard-ARE-AED,NymCard-ARE-AED-Virtual-3,VISA,TRUE
2UddXiY0fQJPcpWGe_C22,516,257,11,User 15,VIRTUAL,ACTIVE,,4003,2023-10-13T17:32:41.561Z,2023-10-13T17:32:46.190Z,,OCEAN_CARNIVAL,2023-10-13T17:32:46.000Z,2023-10-13T17:32:46.000Z,,RcYNaxmVGxU70qQXeiQRC,2026-10-31T00:00:00.000Z,MC Marketing,REGULAR,,,NymCard-ARE-AED,NymCard-ARE-AED-Virtual-4,MASTER,TRUE
2LpxpSEIkymSB-6aXoRBS,516,516,11,Sales Operations,VIRTUAL,ACTIVE,,497,2022-12-13T06:33:43.889Z,2022-12-13T06:33:49.999Z,,CARNIVAL,2022-12-13T06:33:49.000Z,2022-12-13T06:33:43.877Z,,RcYNaxmVGxU70qQXeiQRC,,,REGULAR,,,NymCard-ARE-AED,NymCard-ARE-AED-Virtual,VISA,TRUE
RYOcCluBxy5skpVJCrD-V,516,516,11,Calendly,VIRTUAL,ACTIVE,,2220,2022-12-28T14:01:49.517Z,2022-12-28T14:01:52.340Z,,CHEESECAKE_PANDA,2022-12-28T14:01:52.000Z,2022-12-28T14:01:49.516Z,,RcYNaxmVGxU70qQXeiQRC,,,REGULAR,,,NymCard-ARE-AED,NymCard-ARE-AED-Virtual-2,VISA,TRUE
J7ym9okm4sz4Be5btc-cH,599,599,11,User 16,VIRTUAL,SUSPENDED,,6813,2023-06-21T10:17:54.277Z,2023-08-31T07:14:28.025Z,,OCEAN_CARNIVAL,2023-06-21T10:17:57.000Z,2023-06-21T10:17:57.000Z,,RcYNaxmVGxU70qQXeiQRC,2026-06-30T00:00:00.000Z,Accounting Software,REGULAR,,,NymCard-ARE-AED,NymCard-ARE-AED-Virtual-3,VISA,TRUE
hcwTDWHdqMocr95oYzMO7,599,599,11,User 16,VIRTUAL,TERMINATED,,8924,2023-08-14T09:33:47.346Z,2023-08-31T07:14:47.628Z,,OCEAN_CARNIVAL,2023-08-14T09:33:51.000Z,2023-08-14T09:33:51.000Z,,RcYNaxmVGxU70qQXeiQRC,2026-08-31T00:00:00.000Z,Testing,REGULAR,,,NymCard-ARE-AED,NymCard-ARE-AED-Virtual-3,VISA,TRUE
SkOjPpmcisOly7_w0B0sX,599,46,11,User 16,VIRTUAL,TERMINATED,,4423,2023-02-07T08:07:30.345Z,2023-08-31T07:14:39.852Z,,OCEAN_CARNIVAL,2023-02-07T08:07:33.000Z,2023-02-07T08:07:30.344Z,,RcYNaxmVGxU70qQXeiQRC,,,REGULAR,,,NymCard-ARE-AED,NymCard-ARE-AED-Virtual-2,VISA,TRUE
V0CN4ZihOT8aWfHh-Pib-,599,46,11,User 16,PHYSICAL,TERMINATED,,4522,2023-02-07T08:09:08.537Z,2023-09-21T04:54:19.533Z,,CARNIVAL,2023-02-14T10:28:28.000Z,2023-02-07T08:09:08.536Z,,RcYNaxmVGxU70qQXeiQRC,,,REGULAR,,,NymCard-ARE-AED,NymCard-ARE-AED-Physical-2,VISA,TRUE
sneCfL4YRU4Xh4fa7YtGw,847,63,16,Taha Douaji,VIRTUAL,ACTIVE,,208,2022-12-14T13:28:01.467Z,2022-12-14T13:28:03.990Z,,CARNIVAL,2022-12-14T13:28:03.000Z,2022-12-14T13:28:01.465Z,,7sGOReHM3XwVQhYWPl4Cx,,,REGULAR,,,NymCard-ARE-AED,NymCard-ARE-AED-Virtual,VISA,TRUE
hXgT47n5BZhgIYdw3JVic,847,847,16,User 17,VIRTUAL,ACTIVE,,3911,2023-05-22T08:27:40.989Z,2023-08-24T09:36:55.015Z,,CARNIVAL,2023-05-22T08:27:43.000Z,2023-05-22T08:27:43.000Z,,7sGOReHM3XwVQhYWPl4Cx,2026-05-31T00:00:00.000Z,Google Colab Pedant,REGULAR,,NymCardCommercialVirtualProduct,NymCard-ARE-AED,NymCard-ARE-AED-Virtual-3,VISA,TRUE
l-QeQQUTk9_EcV2guo3DM,847,63,16,User 17 Purchaes,VIRTUAL,ACTIVE,,7327,2023-02-13T08:10:06.089Z,2023-02-13T08:10:08.343Z,,CARNIVAL,2023-02-13T08:10:08.000Z,2023-02-13T08:10:06.087Z,,7sGOReHM3XwVQhYWPl4Cx,,,REGULAR,,,NymCard-ARE-AED,NymCard-ARE-AED-Virtual-2,VISA,TRUE
fv5XzRjVVlUVlNdZVkP1Y,1644,63,16,User 18,PHYSICAL,TERMINATED,,4943,2023-08-22T06:20:41.663Z,2023-09-18T05:51:47.181Z,,CARNIVAL,,2023-08-22T06:20:44.000Z,,7sGOReHM3XwVQhYWPl4Cx,2026-08-31T00:00:00.000Z,Janice,REGULAR,,,NymCard-ARE-AED,NymCard-ARE-AED-Physical-2,VISA,TRUE
a2yjlVdGPK503f8F0EXTY,1644,233,16,User 18,VIRTUAL,SUSPENDED,,4739,2023-03-27T08:01:05.178Z,2023-11-12T11:48:06.291Z,,CARNIVAL,2023-09-18T06:20:42.000Z,2023-03-27T08:01:07.000Z,,7sGOReHM3XwVQhYWPl4Cx,2026-03-31T00:00:00.000Z,Online Spend,REGULAR,,,NymCard-ARE-AED,NymCard-ARE-AED-Virtual-2,VISA,TRUE
c0TQUtquWAJgOiwYu6xyZ,4894,46,11,User 19,VIRTUAL,ACTIVE,,9018,2023-11-02T04:33:35.165Z,2023-11-02T04:33:39.603Z,,JUNGLE_CARNIVAL,2023-11-02T04:33:39.000Z,2023-11-02T04:33:39.000Z,,RcYNaxmVGxU70qQXeiQRC,2026-11-30T00:00:00.000Z,Business 1 Egypt Office,REGULAR,,,NymCard-ARE-AED,NymCard-ARE-AED-Virtual-4,MASTER,TRUE
Sik-nSyTzN8BajH9dw9LR,5518,258,16,User 20,PHYSICAL,INACTIVE,,4138,2023-12-13T09:02:37.853Z,2023-12-13T09:02:41.459Z,,CARNIVAL,,2023-12-13T09:02:41.000Z,,7sGOReHM3XwVQhYWPl4Cx,2026-12-31T00:00:00.000Z,Admin,REGULAR,,,NymCard-ARE-AED,NymCard-ARE-AED-Physical-3,VISA,FALSE
vOzjjVUao-lkCFtR6iiJh,5518,258,16,User 20,VIRTUAL,ACTIVE,,6336,2023-11-15T07:51:14.228Z,2023-11-15T07:51:17.591Z,,CARNIVAL,2023-11-15T07:51:17.000Z,2023-11-15T07:51:17.000Z,,7sGOReHM3XwVQhYWPl4Cx,2026-11-30T00:00:00.000Z,Admin,REGULAR,,,NymCard-ARE-AED,NymCard-ARE-AED-Virtual-3,VISA,TRUE
